﻿{"ts":1409318650332,"userId":"309","sessionId":1879,"page":"RacingBike","auth":"Logged In","method":"PUT","status":200,"level":"free","itemInSession":2,"location":"Killeen-Temple, TX","lastName":"Montgomery","firstName":"Annalyse","registration":1384448062332,"gender":"F","artist":"El Arrebato","song":"Quiero Quererte Querer","length":234.57914}
{"ts":1409318653332,"userId":"11","sessionId":10,"page":"MountainBike","auth":"Logged In","method":"PUT","status":200,"level":"paid","itemInSession":9,"location":"Anchorage, AK","lastName":"Thomas","firstName":"Dylann","registration":1400723739332,"gender":"M","artist":"Creedence Clearwater Revival","song":"Born To Move","length":340.87138}
{"ts":1409318685332,"userId":"201","sessionId":2047,"page":"RacingBike","auth":"Logged In","method":"PUT","status":200,"level":"paid","itemInSession":11,"location":"New York-Newark-Jersey City, NY-NJ-PA","lastName":"Watts","firstName":"Liam","registration":1406279422332,"gender":"M","artist":"Gorillaz","song":"DARE","length":246.17751}
{"ts":1409318686332,"userId":"779","sessionId":2136,"page":"BMX","auth":"Logged In","method":"GET","status":200,"level":"free","itemInSession":0,"location":"Nashville-Davidson--Murfreesboro--Franklin, TN","lastName":"Townsend","firstName":"Tess","registration":1406970190332,"gender":"F"}
{"ts":1409318697332,"userId":"401","sessionId":400,"page":"MountainBike","auth":"Logged In","method":"PUT","status":200,"level":"free","itemInSession":2,"location":"Atlanta-Sandy Springs-Roswell, GA","lastName":"Smith","firstName":"Margaux","registration":1406191211332,"gender":"F","artist":"Otis Redding","song":"Send Me Some Lovin'","length":135.57506}
{"ts":1409318714332,"userId":"521","sessionId":520,"page":"MountainBike","auth":"Logged In","method":"PUT","status":200,"level":"paid","itemInSession":39,"location":"Chicago-Naperville-Elgin, IL-IN-WI","lastName":"Morse","firstName":"Alan","registration":1401760632332,"gender":"M","artist":"Slightly Stoopid","song":"Mellow Mood","length":198.53016}
{"ts":1409318743332,"userId":"244","sessionId":2261,"page":"RacingBike","auth":"Logged In","method":"PUT","status":200,"level":"free","itemInSession":1,"location":"San Jose-Sunnyvale-Santa Clara, CA","lastName":"Shelton","firstName":"Gabriella","registration":1389460542332,"gender":"F","artist":"NOFX","song":"Linoleum","length":130.2722}
{"ts":1409318804332,"userId":"969","sessionId":968,"page":"MountainBike","auth":"Logged In","method":"PUT","status":200,"level":"paid","itemInSession":0,"location":"Detroit-Warren-Dearborn, MI","lastName":"Williams","firstName":"Elijah","registration":1388691347332,"gender":"M","artist":"Nirvana","song":"The Man Who Sold The World","length":260.98893}
{"ts":1409318832332,"userId":"401","sessionId":400,"page":"RacingBike","auth":"Logged In","method":"PUT","status":200,"level":"free","itemInSession":3,"location":"Atlanta-Sandy Springs-Roswell, GA","lastName":"Smith","firstName":"Margaux","registration":1406191211332,"gender":"F","artist":"Aventura","song":"La Nina","length":293.56363}
{"ts":1409318891332,"userId":"779","sessionId":2136,"page":"MountainBike","auth":"Logged In","method":"PUT","status":200,"level":"free","itemInSession":1,"location":"Nashville-Davidson--Murfreesboro--Franklin, TN","lastName":"Townsend","firstName":"Tess","registration":1406970190332,"gender":"F","artist":"Harmonia","song":"Sehr kosmisch","length":655.77751}
{"ts":1409318912332,"userId":"521","sessionId":520,"page":"MountainBike","auth":"Logged In","method":"PUT","status":200,"level":"paid","itemInSession":40,"location":"Chicago-Naperville-Elgin, IL-IN-WI","lastName":"Morse","firstName":"Alan","registration":1401760632332,"gender":"M","artist":"Spragga Benz","song":"Backshot","length":122.53995}
{"ts":1409318931332,"userId":"201","sessionId":2047,"page":"MountainBike","auth":"Logged In","method":"PUT","status":200,"level":"paid","itemInSession":12,"location":"New York-Newark-Jersey City, NY-NJ-PA","lastName":"Watts","firstName":"Liam","registration":1406279422332,"gender":"M","artist":"Bananarama","song":"Love In The First Degree","length":208.92689}
{"ts":1409318931332,"userId":"201","sessionId":2047,"page":"BMX","auth":"Logged In","method":"GET","status":200,"level":"paid","itemInSession":13,"location":"New York-Newark-Jersey City, NY-NJ-PA","lastName":"Watts","firstName":"Liam","registration":1406279422332,"gender":"M"}
{"ts":1409318993332,"userId":"11","sessionId":10,"page":"MountainBike","auth":"Logged In","method":"PUT","status":200,"level":"paid","itemInSession":10,"location":"Anchorage, AK","lastName":"Thomas","firstName":"Dylann","registration":1400723739332,"gender":"M","artist":"Alliance Ethnik","song":"ReprÃÂ©sente","length":252.21179}
{"ts":1409319034332,"userId":"521","sessionId":520,"page":"RacingBike","auth":"Logged In","method":"PUT","status":200,"level":"paid","itemInSession":41,"location":"Chicago-Naperville-Elgin, IL-IN-WI","lastName":"Morse","firstName":"Alan","registration":1401760632332,"gender":"M","artist":"Dear Superstar","song":"Our City Sleeps","length":181.86404}
{"ts":1409319064332,"userId":"969","sessionId":968,"page":"RacingBike","auth":"Logged In","method":"PUT","status":200,"level":"paid","itemInSession":1,"location":"Detroit-Warren-Dearborn, MI","lastName":"Williams","firstName":"Elijah","registration":1388691347332,"gender":"M","artist":"Binary Star","song":"Solar Powered","length":268.93016}
{"ts":1409319125332,"userId":"401","sessionId":400,"page":"RacingBike","auth":"Logged In","method":"PUT","status":200,"level":"free","itemInSession":4,"location":"Atlanta-Sandy Springs-Roswell, GA","lastName":"Smith","firstName":"Margaux","registration":1406191211332,"gender":"F","artist":"Sarah Borges and the Broken Singles","song":"Do It For Free","length":158.95465}
{"ts":1409319215332,"userId":"521","sessionId":520,"page":"RacingBike","auth":"Logged In","method":"PUT","status":200,"level":"paid","itemInSession":42,"location":"Chicago-Naperville-Elgin, IL-IN-WI","lastName":"Morse","firstName":"Alan","registration":1401760632332,"gender":"M","artist":"Incubus","song":"Drive","length":232.46322}
{"ts":1409319245332,"userId":"11","sessionId":10,"page":"RacingBike","auth":"Logged In","method":"PUT","status":200,"level":"paid","itemInSession":11,"location":"Anchorage, AK","lastName":"Thomas","firstName":"Dylann","registration":1400723739332,"gender":"M","artist":"Ella Fitzgerald","song":"On Green Dolphin Street (Medley) (1999 Digital Remaster)","length":427.15383}
{"ts":1409319283332,"userId":"401","sessionId":400,"page":"RacingBike","auth":"Logged In","method":"PUT","status":200,"level":"free","itemInSession":5,"location":"Atlanta-Sandy Springs-Roswell, GA","lastName":"Smith","firstName":"Margaux","registration":1406191211332,"gender":"F","artist":"10cc","song":"Silly Love","length":241.34485}
{"ts":1409319293332,"userId":"906","sessionId":1909,"page":"MountainBike","auth":"Logged In","method":"PUT","status":200,"level":"free","itemInSession":0,"location":"Toledo, OH","lastName":"Oconnell","firstName":"Aurora","registration":1406406461332,"gender":"F","artist":"Eric Johnson","song":"Trail Of Tears (Album Version)","length":361.37751}
{"ts":1409319332332,"userId":"969","sessionId":968,"page":"MountainBike","auth":"Logged In","method":"PUT","status":200,"level":"paid","itemInSession":2,"location":"Detroit-Warren-Dearborn, MI","lastName":"Williams","firstName":"Elijah","registration":1388691347332,"gender":"M","artist":"Phoenix","song":"Holdin' On Together","length":207.15057}
{"ts":1409319365332,"userId":"750","sessionId":749,"page":"MountainBike","auth":"Logged In","method":"PUT","status":200,"level":"free","itemInSession":0,"location":"Grants Pass, OR","lastName":"Coleman","firstName":"Alex","registration":1404326435332,"gender":"M","artist":"Concrete Penguin","song":"Invisible","length":276.13995}
{"ts":1409319447332,"userId":"521","sessionId":520,"page":"MountainBike","auth":"Logged In","method":"PUT","status":200,"level":"paid","itemInSession":43,"location":"Chicago-Naperville-Elgin, IL-IN-WI","lastName":"Morse","firstName":"Alan","registration":1401760632332,"gender":"M","artist":"Steve Vai","song":"Cryin Machine","length":299.83302}
{"ts":1409319539332,"userId":"969","sessionId":968,"page":"MountainBike","auth":"Logged In","method":"PUT","status":200,"level":"paid","itemInSession":3,"location":"Detroit-Warren-Dearborn, MI","lastName":"Williams","firstName":"Elijah","registration":1388691347332,"gender":"M","artist":"Holly Cole","song":"Cry (If You Want To)","length":158.98077}